mid,movie_name,rating,votes,Action,Adventure,Animation,Biography,Comedy,Crime,Drama,Family,Fantasy,History,Horror,Musical,Mystery,Romance,Sci-fi,Sport,Thriller,War
1,"My Name Is Khan,2010",8,95823,0,0,0,0,0,0,1,0,0,0,0,0,0,0,0,0,0,0
2,"Raajneeti,2010",7.1,15985,0,0,0,0,0,0,0,0,0,0,0,0,0,0,0,0,1,0
3,"Band Baaja Baaraat,2010",7.2,14700,0,0,0,0,0,0,0,0,0,0,0,0,0,1,0,0,0,0
4,"Tere Bin Laden,2010",7.2,10018,0,0,0,0,0,0,1,0,0,0,0,0,0,0,0,0,0,0
5,"Action Replayy,2010",4.2,5399,0,0,0,0,0,0,0,0,0,0,0,0,0,0,0,0,0,0
6,"Ada... A Way of Life,2010",3.4,45,0,0,0,0,0,0,1,0,0,0,0,0,0,0,0,0,0,0
7,"Allah Ke Banday,2010",6.2,289,0,0,0,0,0,0,1,0,0,0,0,0,0,0,0,0,0,0
8,"Anjaana Anjaani,2010",5.8,6022,0,0,0,0,0,0,0,0,0,0,0,1,0,0,0,0,0,0
9,"Atithi Tum Kab Jaoge?,2010",6.4,4970,0,0,0,0,1,0,0,0,0,0,0,0,0,0,0,0,0,0
10,"Badmaa$h Company,2010",6,6052,0,0,0,0,0,0,1,0,0,0,0,0,0,0,0,0,0,0
11,"Chase,I",4.9,87,0,0,0,0,0,0,1,0,0,0,0,0,0,0,0,0,0,0
12,"Crook: It's Good to Be Bad,2010",5.1,1804,0,0,0,0,0,0,0,0,0,0,0,0,0,0,0,0,1,0
13,"Dabangg,2010",6.2,26926,0,0,0,0,1,0,0,0,0,0,0,0,0,0,0,0,0,0
14,"Enthiran,2010",7.1,24294,0,0,0,0,0,0,0,0,0,0,0,0,0,0,0,0,0,0
15,"Golmaal 3,2010",5.5,7095,0,0,0,0,1,0,0,0,0,0,0,0,0,0,0,0,0,0
16,"Guzaarish,2010",7.4,16714,0,0,0,0,0,0,1,0,0,0,0,0,0,0,0,0,0,0
17,"Housefull,2010",5.4,12233,0,0,0,0,1,0,0,0,0,0,0,0,0,0,0,0,0,0
18,"Hum Tum Aur Ghost,2010",4.7,642,0,0,0,0,0,0,0,0,1,0,0,0,0,0,0,0,0,0
19,"I Am,II",6.9,852,0,0,0,0,0,0,1,0,0,0,0,0,0,0,0,0,0,0
20,"Isi Life Mein...!,2010",5.7,359,0,0,0,0,0,0,0,0,0,0,0,0,0,1,0,0,0,0
21,"Ishqiya,2010",7.3,9708,0,0,0,0,0,0,0,0,0,0,0,0,0,1,0,0,0,0
22,"Jhootha Hi Sahi,2010",6.1,1778,0,0,0,0,0,0,0,0,0,0,0,0,0,1,0,0,0,0
23,"Kajraare,2010",2.8,386,0,0,0,0,0,0,0,0,0,0,0,0,0,1,0,0,0,0
24,"Karthik Calling Karthik,2010",7,10110,0,0,0,0,0,0,0,0,0,0,0,0,0,0,0,0,1,0
25,"Khelein Hum Jee Jaan Sey,2010",5.9,1192,0,0,0,0,0,0,0,0,0,1,0,0,0,0,0,0,0,0
26,"Kites,I",6.1,12028,0,0,0,0,0,0,0,0,0,0,0,0,0,1,0,0,0,0
27,"Knock Out,2010",6,1971,0,0,0,0,0,0,1,0,0,0,0,0,0,0,0,0,0,0
28,"Lafangey Parindey,2010",5.2,1955,0,0,0,0,0,0,0,0,0,0,0,0,0,1,0,0,0,0
29,"LSD: Love, Sex Aur Dhokha,2010",7.1,5100,0,0,0,0,0,0,1,0,0,0,0,0,0,0,0,0,0,0
30,"Mr. Singh/Mrs. Mehta,2010",4.2,176,0,0,0,0,0,0,1,0,0,0,0,0,0,0,0,0,0,0
31,"Dhobi Ghat,2010",7,12146,0,0,0,0,0,0,1,0,0,0,0,0,0,0,0,0,0,0
32,"Nakshatra,2010",5.3,54,0,0,0,0,0,0,0,0,0,0,0,0,1,0,0,0,0,0
33,"Once Upon a Time in Mumbaai,2010",7.4,15939,0,0,0,0,0,0,1,0,0,0,0,0,0,0,0,0,0,0
34,"Peepli [Live],2010",7.4,11503,0,0,0,0,0,0,1,0,0,0,0,0,0,0,0,0,0,0
35,"Phas Gaye Re Obama,2010",7.5,4879,0,0,0,0,0,0,1,0,0,0,0,0,0,0,0,0,0,0
36,"Prince,2010",4.2,1838,0,0,0,0,0,0,0,0,0,0,0,0,0,0,0,0,1,0
37,"Pyaar Impossible!,2010",4.6,2903,0,0,0,0,0,0,0,0,0,0,0,0,0,1,0,0,0,0
38,"Rakhta Charitra,2010",7.6,3718,0,0,0,0,0,1,0,0,0,0,0,0,0,0,0,0,0,0
39,"Rakhta Charitra 2,2010",6.4,2338,0,0,0,0,0,1,0,0,0,0,0,0,0,0,0,0,0,0
40,"Rann,2010",6.9,2313,0,0,0,0,0,0,0,0,0,0,0,0,0,0,0,0,1,0
41,"Teen Patti,2010",4.1,1386,0,0,0,0,0,0,0,0,0,0,0,0,0,0,0,0,1,0
42,"Toonpur Ka Superrhero,2010",4.2,673,0,1,0,0,0,0,0,0,0,0,0,0,0,0,0,0,0,0
43,"Veer,2010",4.6,7030,0,0,0,0,0,0,1,0,0,0,0,0,0,0,0,0,0,0
44,"Aarakshan,2011",6.2,4842,0,0,0,0,0,0,1,0,0,0,0,0,0,0,0,0,0,0
45,"Ready,2011",4.7,14486,0,0,0,0,1,0,0,0,0,0,0,0,0,0,0,0,0,0
46,"Chalo Dilli,2011",6.8,2905,0,0,0,0,0,0,1,0,0,0,0,0,0,0,0,0,0,0
47,"Aadukalam,2011",8.1,4472,0,0,0,0,0,0,0,0,0,0,0,0,0,0,0,1,0,0
48,"Aagaah: The Warning,2011",3.8,20,0,0,0,0,0,0,0,0,0,0,0,0,0,0,0,0,1,0
49,"Angel,I",6.5,82,0,0,0,0,0,0,1,0,0,0,0,0,0,0,0,0,0,0
50,"Bbuddah... Hoga Terra Baap,2011",5.6,2672,0,0,0,0,0,0,0,0,0,0,0,0,0,0,0,0,1,0
51,"Bin Bulaye Baraati,2011",3.9,236,0,0,0,0,0,1,0,0,0,0,0,0,0,0,0,0,0,0
52,"Bodyguard,2011",4.6,21416,0,0,0,0,0,0,1,0,0,0,0,0,0,0,0,0,0,0
53,"Bubble Gum,II",7.3,437,0,0,0,0,0,0,1,0,0,0,0,0,0,0,0,0,0,0
54,"Chala Mussaddi - Office Office,2011",6.1,324,0,0,0,0,0,0,1,0,0,0,0,0,0,0,0,0,0,0
55,"Chatur Singh Two Star,2011",1.7,562,0,0,0,0,1,0,0,0,0,0,0,0,0,0,0,0,0,0
56,"Chillar Party,2011",7.4,6767,0,0,0,0,0,0,0,1,0,0,0,0,0,0,0,0,0,0
57,"Damadamm!,2011",4,394,0,0,0,0,0,0,0,0,0,0,0,0,0,1,0,0,0,0
58,"Delhi Belly,2011",7.6,26506,0,0,0,0,0,1,0,0,0,0,0,0,0,0,0,0,0,0
59,"Desi Boyz,2011",5.7,12550,0,0,0,0,0,0,1,0,0,0,0,0,0,0,0,0,0,0
60,"Don 2,2011",7.1,48287,0,0,0,0,0,0,0,0,0,0,0,0,0,0,0,0,1,0
61,"Double Dhamaal,2011",3.8,3300,0,0,0,0,0,0,1,0,0,0,0,0,0,0,0,0,0,0
62,"Dum Maaro Dum,2011",6.2,3757,0,0,0,0,0,0,1,0,0,0,0,0,0,0,0,0,0,0
63,"F.A.L.T.U,2011",4.6,2841,0,0,0,0,0,0,1,0,0,0,0,0,0,0,0,0,0,0
64,"Force,2011",6.4,6782,0,0,0,0,0,0,0,0,0,0,0,0,0,0,0,0,1,0
65,"Gattu,2011",7.3,390,0,0,0,0,0,0,1,0,0,0,0,0,0,0,0,0,0,0
66,"Impatient Vivek,2011",2.3,57,0,0,0,0,0,0,0,0,0,0,0,0,0,1,0,0,0,0
67,"Noukadubi,2011",7.6,752,0,0,0,0,0,0,0,0,0,0,0,0,0,1,0,0,0,0
68,"Khap,2011",5.7,97,0,0,0,0,0,0,0,0,0,0,0,0,0,0,0,0,1,0
69,"Kucch Luv Jaisaa,2011",4.3,121,0,0,0,0,0,0,1,0,0,0,0,0,0,0,0,0,0,0
70,"Lanka,2011",5.9,190,0,0,0,0,0,0,1,0,0,0,0,0,0,0,0,0,0,0
71,"Loot,2011",3.3,291,0,0,0,0,0,1,0,0,0,0,0,0,0,0,0,0,0,0
72,"Love U... Mr. Kalakaar!,2011",5.4,410,0,0,0,0,0,0,0,0,0,0,0,0,0,1,0,0,0,0
73,"Luv Ka the End,2011",4.8,1356,0,0,0,0,0,0,1,0,0,0,0,0,0,0,0,0,0,0
74,"Mausam,2011",4.7,5083,0,0,0,0,0,0,0,0,0,0,0,0,0,0,0,0,0,1
75,"Mere Brother Ki Dulhan,2011",5.8,8610,0,0,0,0,0,0,0,0,0,0,0,0,0,1,0,0,0,0
76,"Miley - Naa Miley - Hum,2011",2.8,171,0,0,0,0,0,0,0,0,0,0,0,0,0,1,0,0,0,0
77,"Mod,2011",6.5,397,0,0,0,0,0,0,0,0,0,0,0,0,0,0,0,0,1,0
78,"Monica,2011",5.6,69,0,0,0,0,0,0,0,0,0,0,0,0,0,0,0,0,1,0
79,"Mujhse Fraaandship Karoge,2011",6.9,3778,0,0,0,0,0,0,0,0,0,0,0,0,0,1,0,0,0,0
80,"My Friend Pinto,2011",5.3,339,0,0,0,0,0,0,1,0,0,0,0,0,0,0,0,0,0,0
81,"Naughty @ 40,2011",2.5,274,0,0,0,0,0,0,1,0,0,0,0,0,0,0,0,0,0,0
82,"Patiala House,2011",5.6,8495,0,0,0,0,0,0,0,0,0,0,0,0,0,0,0,1,0,0
83,"Ra.One,2011",4.6,37207,0,0,0,0,0,0,0,0,0,0,0,0,0,0,0,0,0,0
84,"Rascals,2011",2.9,2487,0,0,0,0,0,1,0,0,0,0,0,0,0,0,0,0,0,0
85,"Saheb Biwi Aur Gangster,2011",7.2,3833,0,0,0,0,0,0,1,0,0,0,0,0,0,0,0,0,0,0
86,"Sahi Dhandhe Galat Bande,2011",4.9,260,0,0,0,0,0,0,1,0,0,0,0,0,0,0,0,0,0,0
87,"Shabri,2011",5.8,126,0,0,0,0,0,0,1,0,0,0,0,0,0,0,0,0,0,0
88,"Shagird,2011",7.1,1755,0,0,0,0,0,0,1,0,0,0,0,0,0,0,0,0,0,0
89,"Shor in the City,2010",7.2,3315,0,0,0,0,0,0,1,0,0,0,0,0,0,0,0,0,0,0
90,"Singham,2011",6.8,13775,0,0,0,0,0,0,1,0,0,0,0,0,0,0,0,0,0,0
91,"Soundtrack,I",7.1,800,0,0,0,0,0,0,0,0,0,0,0,1,0,0,0,0,0,0
92,"Tanu Weds Manu,2011",6.8,12719,0,0,0,0,0,0,0,0,0,0,0,0,0,1,0,0,0,0
93,"Teen Thay Bhai,2011",4.3,308,0,0,0,0,0,0,1,0,0,0,0,0,0,0,0,0,0,0
94,"Tere Mere Phere,2011",5.4,240,0,0,0,0,0,0,0,0,0,0,0,0,0,1,0,0,0,0
95,"That Girl in Yellow Boots,2010",6.6,3413,0,0,0,0,0,0,0,0,0,0,0,0,1,0,0,0,0,0
96,"Kaavalan,2011",6.7,4327,0,0,0,0,0,0,0,0,0,0,0,0,0,1,0,0,0,0
97,"The Dirty Picture,2011",6.6,8420,0,0,0,0,0,0,1,0,0,0,0,0,0,0,0,0,0,0
98,"United Six,2011",4,42,0,0,0,0,0,0,0,0,0,0,0,0,0,0,0,0,1,0
99,"Zindagi Na Milegi Dobara,2011",8.1,64585,0,0,0,0,0,0,1,0,0,0,0,0,0,0,0,0,0,0
100,"Zokkomon,2011",4.1,282,0,1,0,0,0,0,0,0,0,0,0,0,0,0,0,0,0,0
101,"Gangs of Wasseypur,2012",8.2,76619,0,0,0,0,0,0,1,0,0,0,0,0,0,0,0,0,0,0
102,"Gangs of Wasseypur,2012",8.2,76619,0,0,0,0,0,0,1,0,0,0,0,0,0,0,0,0,0,0
103,"Kahaani,2012",8.1,55703,0,0,0,0,0,0,0,0,0,0,0,0,0,0,0,0,1,0
104,"Vicky Donor,2012",7.8,38313,0,0,0,0,0,0,0,0,0,0,0,0,0,1,0,0,0,0
105,"Ekk Deewana Tha,2012",5.9,2827,0,0,0,0,0,0,0,0,0,0,0,0,0,1,0,0,0,0
106,"OMG: Oh My God!,2012",8.1,48956,0,0,0,0,0,0,0,0,1,0,0,0,0,0,0,0,0,0
107,"English Vinglish,2012",7.8,32390,0,0,0,0,0,0,0,1,0,0,0,0,0,0,0,0,0,0
108,"3 Bachelors,2012",3.4,160,0,0,0,0,0,0,0,0,0,0,0,0,0,1,0,0,0,0
109,"Agent Vinod,2012",5.2,6923,0,0,0,0,0,0,0,0,0,0,0,0,0,0,0,0,1,0
110,"Aiyyaa,2012",4.4,1642,0,0,0,0,0,0,0,0,0,0,0,0,0,1,0,0,0,0
111,"Agneepath,2012",6.9,21670,0,0,0,0,0,0,1,0,0,0,0,0,0,0,0,0,0,0
112,"Barfi!,2012",8.1,73236,0,0,0,0,0,0,0,0,0,0,0,0,0,1,0,0,0,0
113,"Bhoot Returns,2012",2.5,498,0,0,0,0,0,0,0,0,0,0,0,0,0,0,0,0,1,0
114,"Bittoo Boss,2012",4.1,347,0,0,0,0,0,0,0,0,0,0,0,0,0,1,0,0,0,0
115,"Bol Bachchan,2012",5.5,7861,0,0,0,0,1,0,0,0,0,0,0,0,0,0,0,0,0,0
116,"Blood Money,II",5,908,0,0,0,0,0,0,0,0,0,0,0,0,0,0,0,0,1,0
117,"Bumboo,2012",6.4,1389,0,0,0,0,1,0,0,0,0,0,0,0,0,0,0,0,0,0
118,"Chakravyuh,2012",6.9,2954,0,0,0,0,0,0,0,0,0,0,0,0,0,0,0,0,1,0
119,"Chaalis Chauraasi,2012",6.1,456,0,0,0,0,0,1,0,0,0,0,0,0,0,0,0,0,0,0
120,"Chaar Din Ki Chandni,2012",4.1,383,0,0,0,0,0,0,0,0,0,0,0,0,0,1,0,0,0,0
121,"Cocktail,2012",6.3,13002,0,0,0,0,0,0,0,0,0,0,0,0,0,1,0,0,0,0
122,"Dabangg 2,2012",4.8,14911,0,0,0,0,1,0,0,0,0,0,0,0,0,0,0,0,0,0
123,"Department,2012",3.2,924,0,0,0,0,0,0,0,0,0,0,0,0,0,0,0,0,1,0
124,"Ek Tha Tiger,2012",5.5,27888,0,0,0,0,0,0,0,0,0,0,0,0,0,0,0,0,1,0
125,"Fatso!,2012",5.7,397,0,0,0,0,0,0,0,0,0,0,0,0,0,1,0,0,0,0
126,"Ferrari Ki Sawaari,2012",6.4,4879,0,0,0,0,0,0,0,1,0,0,0,0,0,0,0,0,0,0
127,"Filmistaan,2012",7.3,3236,0,0,0,0,1,0,0,0,0,0,0,0,0,0,0,0,0,0
128,"Gali Gali Chor Hai,2012",5.1,554,0,0,0,0,0,0,0,1,0,0,0,0,0,0,0,0,0,0
129,"Housefull 2,2012",5.2,12723,0,0,0,0,0,0,0,0,0,0,0,1,0,0,0,0,0,0
130,"Ishaqzaade,2012",6.5,6555,0,0,0,0,0,0,0,0,0,0,0,0,0,1,0,0,0,0
131,"Jalpari: The Desert Mermaid,2012",7.2,354,0,0,0,0,0,0,0,0,0,0,0,0,1,0,0,0,0,0
132,"Jism 2,2012",3,3174,0,0,0,0,0,0,0,0,0,0,0,0,0,0,0,0,1,0
133,"Jodi Breakers,2012",3.5,1081,0,0,0,0,0,0,0,0,0,0,0,0,0,1,0,0,0,0
134,"Joker,2012",2.4,4889,0,0,0,0,0,0,0,0,0,0,0,0,0,0,0,0,0,0
135,"Kismet Love Paisa Dilli,2012",4.2,546,0,0,0,0,0,1,0,0,0,0,0,0,0,0,0,0,0,0
136,"Kyaa Super Kool Hain Hum,2012",5,3616,0,0,0,0,1,0,0,0,0,0,0,0,0,0,0,0,0,0
137,"Mere Dost Picture Abhi Baaki Hai,2012",3.5,182,0,0,0,0,1,0,0,0,0,0,0,0,0,0,0,0,0,0
138,"Mr Bhatti on Chutti,2012",3.9,82,0,0,0,0,1,0,0,0,0,0,0,0,0,0,0,0,0,0
139,"Players,2012",4.1,3828,0,0,0,0,0,0,0,0,0,0,0,0,0,0,0,0,1,0
140,"Paan Singh Tomar,2012",8.2,31864,0,0,0,0,0,1,0,0,0,0,0,0,0,0,0,0,0,0
141,"Rowdy Rathore,2012",5.7,19892,1,0,0,0,0,0,0,0,0,0,0,0,0,0,0,0,0,0
142,"Rush,2012",3.7,813,0,0,0,0,0,0,0,0,0,0,0,0,0,0,0,0,1,0
143,"Shanghai,2012",7.2,9425,0,0,0,0,0,0,0,0,0,0,0,0,0,0,0,0,1,0
144,"Son of Sardaar,2012",4,8580,0,0,0,0,1,0,0,0,0,0,0,0,0,0,0,0,0,0
145,"Tere Naal Love Ho Gaya,2012",5.8,3937,0,0,0,0,0,0,0,0,0,0,0,0,0,1,0,0,0,0
146,"Teri Meri Kahaani,2012",4.7,3748,0,0,0,0,0,0,0,0,0,0,0,0,0,1,0,0,0,0
147,"Tezz,2012",3.9,2105,0,0,0,0,0,0,1,0,0,0,0,0,0,0,0,0,0,0
148,"Will You Marry Me,I",0,10112,0,0,0,0,0,0,1,0,0,0,0,0,0,0,0,0,0,0
149,"Fukrey,2013",6.9,1095,0,0,0,0,0,0,0,0,0,0,0,0,0,1,0,0,0,0
150,"3G: A Killer Connection,2013",3.6,1702,0,0,0,0,0,0,0,0,0,0,0,0,0,0,0,0,1,0
151,"Akaash Vani,2013",6.2,1594,0,0,0,0,0,0,0,0,0,0,0,0,0,1,0,0,0,0
152,"Ankur Arora Murder Case,2013",6.5,707,0,0,0,0,0,0,0,0,0,0,0,0,0,0,0,0,1,0
153,"Bajatey Raho,2013",5.3,5138,0,0,0,0,0,0,0,0,0,0,0,0,0,0,0,0,1,0
154,"Besharam,2013",3.6,764,0,0,0,0,0,0,0,0,0,0,0,0,0,1,0,0,0,0
155,"Gippi,2013",5.6,425,0,0,0,0,0,0,1,0,0,0,0,0,0,0,0,0,0,0
156,"Issaq,2013",4.5,676,0,0,0,0,0,0,0,0,0,0,0,0,0,1,0,0,0,0
157,"Jackpot,II",1.9,786,0,0,0,0,0,0,0,0,0,0,0,0,0,0,0,0,1,0
158,"John Day,2013",5.7,7672,0,0,0,0,0,0,1,0,0,0,0,0,0,0,0,0,0,0
159,"Himmatwala,2013",1.7,1733,0,0,0,0,1,0,0,0,0,0,0,0,0,0,0,0,0,0
160,"I, Me aur Main,2013",4.6,5902,0,0,0,0,0,0,0,0,0,0,0,1,0,0,0,0,0,0
161,"Matru ki Bijlee ka Mandola,2013",5.6,4053,0,0,0,0,0,0,1,0,0,0,0,0,0,0,0,0,0,0
162,"Nautanki Saala!,2013",5.8,25,0,0,0,0,1,0,0,0,0,0,0,0,0,0,0,0,0,0
163,"Paapi - Ek Satya Katha,2013",3.9,1308,0,0,0,0,0,1,0,0,0,0,0,0,0,0,0,0,0,0
164,"Policegiri,2013",4.1,252,0,0,0,0,1,0,0,0,0,0,0,0,0,0,0,0,0,0
165,"Rajdhani Express,2013",2.9,406,0,0,0,0,0,0,0,0,0,0,0,0,0,0,0,0,1,0
166,"Rangrezz,2013",5.1,2107,0,0,0,0,0,0,1,0,0,0,0,0,0,0,0,0,0,0
167,"Singh Saab the Great,2013",5.7,431,0,0,0,0,0,0,1,0,0,0,0,0,0,0,0,0,0,0
168,"Shorts,2013",6.5,48906,0,0,0,0,0,0,1,0,0,0,0,0,0,0,0,0,0,0
169,"Special Chabbis,2013",8,892,0,0,0,0,0,0,0,0,0,0,0,0,0,0,0,0,1,0
170,"War Chod Na Yaar,2013",5.5,159,0,0,0,0,0,0,0,0,0,0,0,0,0,0,0,0,0,1
171,"What the Fish,2013",5.2,1790,0,0,0,0,0,0,1,0,0,0,0,0,0,0,0,0,0,0
172,"Kya Dilli Kya Lahore,2014",7.4,698,0,0,0,0,0,0,0,0,0,0,0,0,0,0,0,0,0,1
173,"One by Two,2014",4.1,2024,0,0,0,0,0,0,0,0,0,0,0,0,0,1,0,0,0,0
174,"Gulaab Gang,2014",6.1,1786,0,0,0,0,0,0,1,0,0,0,0,0,0,0,0,0,0,0
175,"Youngistaan,2014",5.1,161,0,0,0,0,0,0,1,0,0,0,0,0,0,0,0,0,0,0
176,"Sooper Se Ooper,2013",4.4,481,0,0,0,0,1,0,0,0,0,0,0,0,0,0,0,0,0,0
177,"Mr Joe B. Carvalho,2014",3.6,2789,0,0,0,0,0,0,0,0,0,0,0,0,1,0,0,0,0,0
178,"Total Siyapaa,2014",5,943,0,0,0,0,0,0,0,0,0,0,0,0,0,1,0,0,0,0
179,"Dishkiyaoon,2014",5.2,958,0,0,0,0,0,0,0,0,0,0,0,0,0,0,0,0,1,0
180,"Fugly,2014",4.7,343,0,0,0,0,0,0,0,0,0,0,0,0,0,0,0,0,1,0
181,"Gang of Ghosts,2014",3.6,25339,0,0,0,0,0,0,0,0,0,0,1,0,0,0,0,0,0,0
182,"Highway,I",7.6,556,0,0,0,0,0,0,0,0,0,0,0,0,0,1,0,0,0,0
183,"Kaanchi,2014",4.3,240,0,0,0,0,0,0,0,0,0,0,0,0,0,1,0,0,0,0
184,"Kuku Mathur Ki Jhand Ho Gayi,2014",5.4,85,0,0,0,0,0,0,0,0,0,0,0,0,0,1,0,0,0,0
185,"Paranthe Wali Gali,2014",5,719,0,0,0,0,0,0,0,0,0,0,0,0,0,1,0,0,0,0
186,"Purani Jeans,2014",6.2,6429,0,0,0,0,0,0,1,0,0,0,0,0,0,0,0,0,0,0
187,"Once Upon a Time in Mumbai Dobaara!,2013",4.6,248,0,0,0,0,0,0,1,0,0,0,0,0,0,0,0,0,0,0
188,"Koyelaanchal,2014",5.6,1966,0,0,0,0,0,0,1,0,0,0,0,0,0,0,0,0,0,0
189,"Bobby Jasoos,2014",5.5,6757,0,0,0,0,0,0,0,0,0,0,0,0,0,0,0,0,1,0
190,"Dedh Ishqiya,2014",7.1,33025,0,0,0,0,0,0,0,0,0,0,0,0,0,1,0,0,0,0
191,"Happy New Year,I",5,2727,0,0,0,0,0,0,0,0,0,0,0,0,0,0,0,0,0,0
192,"Miss Lovely,2012",6.3,25,0,0,0,0,0,0,0,0,0,0,0,0,0,1,0,0,0,0
193,"Paapi - Ek Satya Katha,2013",3.9,842,0,0,0,0,0,1,0,0,0,0,0,0,0,0,0,0,0,0
194,"Sonali Cable,2014",5.5,86,0,0,0,0,0,0,1,0,0,0,0,0,0,0,0,0,0,0
195,"Gollu aur Pappu,2014",4.5,7244,0,0,0,0,1,0,0,0,0,0,0,0,0,0,0,0,0,0
196,"Entertainment,2014",4.5,4365,0,0,0,0,1,0,0,0,0,0,0,0,0,0,0,0,0,0
197,"City Lights,2014",7.3,1123,0,0,0,0,0,0,0,0,0,0,0,0,0,0,0,0,1,0
198,"Samrat & Co.,2014",6.3,1615,0,0,0,0,0,0,0,0,0,0,0,0,0,0,0,0,1,0
199,"Sixteen,II",6.3,4586,0,0,0,0,0,0,0,0,0,0,0,0,0,0,0,0,1,0
200,"Ghanchakkar,2013",5.8,992,0,0,0,0,0,0,0,0,0,0,0,0,0,0,0,0,1,0
201,"Shirin Farhad Ki Toh Nikal Padi,2012",0,7320,0,0,0,0,0,0,0,0,0,0,0,0,0,1,0,0,0,0
202,"Khoobsurat,2014",0,4694,0,0,0,0,0,0,0,0,0,0,0,0,0,1,0,0,0,0
203,"Kochadaiiyaan,2014",6.3,1230,1,0,0,0,0,0,0,0,0,0,0,0,0,0,0,0,0,0
204,"Zila Ghaziabad,2013",3.5,4764,0,0,0,0,0,0,0,0,0,0,0,0,0,0,0,0,1,0
205,"Satyagraha,2013",5.9,2995,0,0,0,0,0,0,1,0,0,0,0,0,0,0,0,0,0,0
206,"Yaariyan,2014",2.7,337,0,0,0,0,0,0,0,0,0,0,0,0,0,1,0,0,0,0
207,"Amit Sahni Ki List,2014",5.5,980,0,0,0,0,0,0,0,0,0,0,0,0,0,1,0,0,0,0
208,"Zid,2014",4.4,2742,0,0,0,0,0,0,0,0,0,0,0,0,0,0,0,0,1,0
209,"The Shaukeens,2014",5,1981,0,0,0,0,1,0,0,0,0,0,0,0,0,0,0,0,0,0
210,"Hate Story 2,2014",4.4,3139,0,0,0,0,0,0,0,0,0,0,0,0,0,0,0,0,1,0
211,"Action Jackson,I",3.3,23130,0,0,0,0,0,0,0,0,0,0,0,0,0,0,0,0,1,0
212,"Kick,2014",5.3,3270,0,0,0,0,1,0,0,0,0,0,0,0,0,0,0,0,0,0
213,"Margarita with a Straw,2014",7.2,479,0,0,0,0,0,0,1,0,0,0,0,0,0,0,0,0,0,0
214,"Ekkees Toppon Ki Salaami,2014",6.1,16358,0,0,0,0,1,0,0,0,0,0,0,0,0,0,0,0,0,0
215,"Jai Ho,2014",5.1,7130,0,0,0,0,0,0,1,0,0,0,0,0,0,0,0,0,0,0
216,"Singham Returns,2014",5.7,20909,0,0,0,0,0,0,1,0,0,0,0,0,0,0,0,0,0,0
217,"Badlapur,2015",7.4,99105,0,0,0,0,0,0,1,0,0,0,0,0,0,0,0,0,0,0
218,"BÃ£hubali: The Beginning,2015",8.1,64155,0,0,0,0,0,0,1,0,0,0,0,0,0,0,0,0,0,0
219,"Drishyam,2015",8.2,30369,0,0,0,0,0,0,0,0,0,0,0,0,1,0,0,0,0,0
220,"Bajirao Mastani,2015",7.2,51193,0,0,0,0,0,0,0,0,0,1,0,0,0,0,0,0,0,0
221,"Baby,I",8,69002,0,0,0,0,0,0,0,0,0,0,0,0,0,0,0,0,1,0
222,"Bajrangi Bhaijaan,2015",8,14128,0,0,0,0,0,0,1,0,0,0,0,0,0,0,0,0,0,0
223,"Dil Dhadakne Do,2015",6.8,22000,0,0,0,0,0,0,0,0,0,0,0,0,0,1,0,0,0,0
224,"Gabbar is Back,2015",7.1,5063,1,0,0,0,0,0,0,0,0,0,0,0,0,0,0,0,0,0
225,"Hamari Adhuri Kahani,2015",6.7,5420,0,0,0,0,0,0,0,0,0,0,0,0,0,1,0,0,0,0
226,"Hunterrr,2015",7,532,0,0,0,0,0,0,0,0,0,0,0,0,0,1,0,0,0,0
227,"I Love NY,2015",3.5,737,0,0,0,0,0,0,0,0,0,0,0,0,0,1,0,0,0,0
228,"Kuch Kuch Locha Hai,2015",2.5,309,0,0,0,0,0,0,1,0,0,0,0,0,0,0,0,0,0,0
229,"Miss Tanakpur Haazir Ho,2015",5.4,1733,0,0,0,0,0,0,0,1,0,0,0,0,0,0,0,0,0,0
230,"Mr. X,2015",3.7,71,0,0,0,0,0,0,0,0,0,0,0,0,0,0,0,0,0,0
231,"P Se PM Tak,2015",3.9,8272,0,0,0,0,0,0,1,0,0,0,0,0,0,0,0,0,0,0
232,"Phantom,I",5.9,2849,0,0,0,0,0,0,0,0,0,0,0,0,0,0,0,0,1,0
233,"Tevar,2015",4.1,5334,0,0,0,0,0,0,0,0,0,0,0,0,0,1,0,0,0,0
234,"Welcome Back,2015",4.2,51382,0,0,0,0,0,1,0,0,0,0,0,0,0,0,0,0,0,0
235,"Airlift,2016",8,1072,0,0,0,0,0,0,0,0,0,1,0,0,0,0,0,0,0,0
236,"Bangistan,2015",4.6,542,0,0,0,0,0,0,1,0,0,0,0,0,0,0,0,0,0,0
237,"X: Past Is Present,2015",5.4,22914,0,0,0,0,0,0,0,0,0,0,0,0,0,1,0,0,0,0
238,"Monsoon Wedding,2001",7.3,825,0,0,0,0,0,0,0,0,0,0,0,0,0,1,0,0,0,0
239,"Guddu Rangeela,2015",5.3,5349,0,0,0,0,0,0,1,0,0,0,0,0,0,0,0,0,0,0
240,"Bombay Velvet,2015",5.6,221,0,0,0,0,0,0,1,0,0,0,0,0,0,0,0,0,0,0
241,"Yaara Silly Silly,2015",5.6,72,0,0,0,0,0,0,0,0,0,0,0,0,0,1,0,0,0,0
242,"A New Love Ishtory,2013",6.2,2285,0,0,0,0,0,0,0,0,0,0,0,0,0,1,0,0,0,0
243,"Murder 3,2013",4.9,2546,0,0,0,0,0,0,0,0,0,0,0,0,0,0,0,0,1,0
244,"Mickey Virus,2013",6.1,938,0,0,0,0,0,0,0,0,0,0,0,0,0,0,0,0,1,0
245,"Saare Jahaan Se Mehnga...,2013",7.1,3679,0,0,0,0,0,0,1,0,0,0,0,0,0,0,0,0,0,0
246,"Saheb Biwi Aur Gangster Returns,2013",6.8,883,0,0,0,0,0,0,1,0,0,0,0,0,0,0,0,0,0,0
247,"Bhaag Johnny,2015",5.1,4762,0,0,0,0,0,0,0,0,0,0,0,0,0,0,0,0,1,0
248,"Ko,2011",7.8,16794,0,0,0,0,0,0,0,0,0,0,0,0,0,0,0,0,1,0
249,"Wazir,I",7.1,7282,0,0,0,0,0,0,1,0,0,0,0,0,0,0,0,0,0,0
250,"Singh Is Bliing,2015",5.1,7747,0,0,0,0,1,0,0,0,0,0,0,0,0,0,0,0,0,0
251,"Housefull 3,2016",5,2620,0,0,0,0,1,0,0,0,0,0,0,0,0,0,0,0,0,0
252,"Ragini MMS 2,2014",3.9,10962,0,0,0,0,0,0,0,0,0,0,1,0,0,0,0,0,0,0
253,"Saala Khadoos,2016",7.6,22252,0,0,0,0,0,0,0,0,0,0,0,0,0,0,0,1,0,0
254,"Tamasha,2015",7.3,35940,0,0,0,0,0,0,0,0,0,0,0,0,0,1,0,0,0,0
255,"Sultan,2016",7,4181,0,0,0,0,0,0,0,0,0,0,0,0,0,0,0,1,0,0
256,"Fitoor,2016",5.4,13567,0,0,0,0,0,0,0,0,0,0,0,0,0,1,0,0,0,0
257,"Pyaar Ka Punchnama 2,2015",7.3,19196,0,0,0,0,0,0,0,0,0,0,0,0,0,1,0,0,0,0
258,"Pyaar Ka Punchnama,2011",7.7,41104,0,0,0,0,0,0,0,0,0,0,0,0,0,1,0,0,0,0
259,"Fan,I",7,3046,0,0,0,0,0,0,0,0,0,0,0,0,0,0,0,0,1,0
260,"Maari,2015",6.2,6341,0,0,0,0,0,0,1,0,0,0,0,0,0,0,0,0,0,0
261,"Dishoom,2016",5.1,417,0,0,0,0,1,0,0,0,0,0,0,0,0,0,0,0,0,0
262,"Pappu Can't Dance Saala,2010",6.5,25824,0,0,0,0,0,0,0,0,0,0,0,0,0,1,0,0,0,0
263,"Aashiqui 2,2013",7,30431,0,0,0,0,0,0,0,0,0,0,0,1,0,0,0,0,0,0
264,"Dilwale,2015",5.2,4048,0,0,0,0,0,0,1,0,0,0,0,0,0,0,0,0,0,0
265,"Sarbjit,2016",7.3,22296,0,0,0,0,0,0,1,0,0,0,0,0,0,0,0,0,0,0
266,"Rustom,2016",7.1,211,0,0,0,0,0,0,0,0,0,0,0,0,0,0,0,0,1,0
267,"Zindagi 50 50,2013",2.7,2409,0,0,0,0,0,0,1,0,0,0,0,0,0,0,0,0,0,0
268,"Inkaar,2013",6.1,262,0,0,0,0,0,0,0,0,0,0,0,0,0,0,0,0,1,0
269,"Sharafat Gayi Tel Lene,2015",5.1,3271,0,0,0,0,0,0,0,0,0,0,0,0,1,0,0,0,0,0
270,"Ramaiya Vastavaiya,2013",5.6,1194,0,0,0,0,0,0,0,0,0,0,0,0,0,1,0,0,0,0
271,"Jayantabhai Ki Luv Story,2013",5.3,9600,0,0,0,0,0,0,0,0,0,0,0,0,0,1,0,0,0,0
272,"Mary Kom,2014",6.8,105,0,0,0,0,0,0,1,0,0,0,0,0,0,0,0,0,0,0
273,"Will You Marry Me,2012",4.6,2249,0,0,0,0,1,0,0,0,0,0,0,0,0,0,0,0,0,0
274,"Zanjeer,2013",3.2,36818,0,0,0,0,0,0,1,0,0,0,0,0,0,0,0,0,0,0
275,"Pink,III",8.1,3811,0,0,0,0,0,0,0,0,0,0,0,0,0,0,0,0,1,0
276,"Ek Thi Daayan,2013",5.7,14798,0,0,0,0,0,0,0,0,0,0,0,0,0,0,0,0,1,0
277,"Race 2,2013",5.3,2478,0,0,0,0,0,0,0,0,0,0,0,0,0,0,0,0,1,0
278,"David,I",6.2,16445,0,0,0,0,0,0,1,0,0,0,0,0,0,0,0,0,0,0
279,"Jolly LLB,2013",7.5,10927,0,0,0,0,0,0,1,0,0,0,0,0,0,0,0,0,0,0
280,"Go Goa Gone,2013",6.6,3822,0,0,0,0,1,0,0,0,0,0,0,0,0,0,0,0,0,0
281,"Aurangzeb,2013",6.5,36866,0,0,0,0,0,0,0,0,0,0,0,0,0,0,0,0,1,0
282,"Yeh Jawaani Hai Deewani,2013",7.1,14309,0,0,0,0,0,0,0,0,0,0,0,0,0,1,0,0,0,0
283,"Lootera,I",7.3,58763,0,0,0,0,0,0,0,0,0,0,0,0,0,1,0,0,0,0
284,"Bhaag Milkha Bhaag,2013",8.2,47363,0,0,0,0,0,0,0,0,0,0,0,0,0,0,0,1,0,0
285,"Chennai Express,2013",6,5611,0,0,0,0,1,0,0,0,0,0,0,0,0,0,0,0,0,0
286,"Grand Masti,2013",4.3,48117,0,0,0,0,0,0,0,0,0,0,0,0,0,1,0,0,0,0
287,"The Lunchbox,2013",7.8,14435,0,0,0,0,0,0,0,0,0,0,0,0,0,1,0,0,0,0
288,"Shahid,2012",8.2,20022,0,0,0,0,0,0,1,0,0,0,0,0,0,0,0,0,0,0
289,"Krrish 3,2013",5.2,915,0,0,0,0,0,0,0,0,0,0,0,0,0,0,0,0,0,0
290,"Satya 2,2013",6,18002,0,0,0,0,0,0,1,0,0,0,0,0,0,0,0,0,0,0
291,"Goliyon Ki Rasleela Ram-Leela,2013",6.4,3393,0,0,0,0,0,0,0,0,0,0,0,0,0,1,0,0,0,0
292,"Gori Tere Pyaar Mein!,2013",5,3620,0,0,0,0,0,0,0,0,0,0,0,0,0,1,0,0,0,0
293,"Bullett Raja,2013",5,42106,0,0,0,0,0,0,1,0,0,0,0,0,0,0,0,0,0,0
294,"Dhoom:3,2013",5.4,11013,0,0,0,0,0,0,0,0,0,0,0,0,0,0,0,0,1,0
295,"R... Rajkumar,2013",5.2,22193,0,0,0,0,0,0,0,0,0,0,0,0,0,1,0,0,0,0
296,"Sadda Adda,2012",7.1,38215,0,0,0,0,0,0,0,0,0,0,0,0,0,1,0,0,0,0
297,"ABCD (Any Body Can Dance),2013",6.3,11289,0,0,0,0,0,0,0,0,0,0,0,0,0,0,0,0,0,0
298,"Detective Byomkesh Bakshy!,2015",7.6,3916,0,0,0,0,0,0,0,0,0,0,0,0,0,0,0,0,1,0
299,"Ki & Ka,2016",5.8,7427,0,0,0,0,0,0,0,0,0,0,0,0,0,1,0,0,0,0
300,"Kyaa Kool Hain Hum 3,2016",1.9,5683,0,0,0,0,1,0,0,0,0,0,0,0,0,0,0,0,0,0
301,"Te3n,2016",0,568,0,0,0,0,0,0,0,0,0,0,0,0,0,0,0,0,1,0
302,"Madras Cafe,2013",0,5018,0,0,0,0,0,0,0,0,0,0,0,0,0,0,0,0,1,0
303,"Talaash,2012",7.2,474,0,0,0,0,0,0,0,0,0,0,0,0,1,0,0,0,0,0
304,"Brothers,I",6.5,3213,0,0,0,0,0,0,0,0,0,0,0,0,0,0,0,1,0,0
305,"Heroine,2012",5.1,2143,0,0,0,0,0,0,1,0,0,0,0,0,0,0,0,0,0,0
306,"Humshakals,2014",1.7,4687,0,0,0,0,1,0,0,0,0,0,0,0,0,0,0,0,0,0
307,"Vedalam,2015",6.2,4057,0,0,0,0,0,0,1,0,0,0,0,0,0,0,0,0,0,0
308,"Guddu Ki Gun,2015",4.7,3430,0,0,0,0,1,0,0,0,0,0,0,0,0,0,0,0,0,0
309,"Jannat 2,2012",6.1,4816,0,0,0,0,0,0,0,0,0,0,0,0,0,0,0,0,1,0
310,"Gour Hari Dastaan: The Freedom File,2015",7.5,5060,0,0,0,0,0,0,1,0,0,0,0,0,0,0,0,0,0,0
311,"Jazbaa,2015",5.8,4810,0,0,0,0,0,0,1,0,0,0,0,0,0,0,0,0,0,0
312,"Hero,V",3.6,11156,0,0,0,0,0,0,0,0,0,0,0,1,0,0,0,0,0,0
313,"Shaandaar,2015",3.6,373,0,0,0,0,0,0,0,0,0,0,0,0,0,1,0,0,0,0
314,"Titli,2014",7.6,607,0,0,0,0,0,0,0,0,0,0,0,0,0,0,0,0,1,0
315,"Ungli,2014",5.7,144567,0,0,0,0,0,0,0,0,0,0,0,0,0,0,0,0,1,0
316,"Ghayal Once Again,2016",6.3,6744,0,0,0,0,0,0,0,0,0,0,0,0,0,0,0,0,1,0
317,"Azhar,2016",5.8,38916,0,0,0,0,0,0,0,0,0,0,0,0,0,0,0,1,0,0
318,"Lingaa,2014",5.6,9488,0,0,0,0,0,0,1,0,0,0,0,0,0,0,0,0,0,0
319,"Kabali,2016",6.2,1447,0,0,0,0,0,0,1,0,0,0,0,0,0,0,0,0,0,0
320,"Zed Plus,2014",6.4,6047,0,0,0,0,1,0,0,0,0,0,0,0,0,0,0,0,0,0
321,"Fever,I",4.8,57235,0,0,0,0,0,0,0,0,0,0,0,0,1,0,0,0,0,0
322,"Dangal,2016",8.4,1040,0,0,0,0,0,0,1,0,0,0,0,0,0,0,0,0,0,0
323,"Befikre,2016",3.9,71453,0,0,0,0,0,0,0,0,0,0,0,0,0,1,0,0,0,0
324,"Raees,2017",6.8,648,0,0,0,0,0,0,1,0,0,0,0,0,0,0,0,0,0,0
325,"Badrinath Ki Dulhania,2017",6.2,463,0,0,0,0,0,0,0,0,0,0,0,0,0,1,0,0,0,0
326,"All Is Well,2015",3.8,814,0,0,0,0,0,0,0,0,0,0,0,0,0,1,0,0,0,0
327,"Khiladi 786,2012",4.2,2401,0,0,0,0,1,0,0,0,0,0,0,0,0,0,0,0,0,0
328,"Gunday,2014",2.4,233,0,0,0,0,0,0,0,0,0,0,0,0,0,1,0,0,0,0
329,"One Night Stand,I",3.1,2660,0,0,0,0,0,0,0,0,0,0,0,0,0,1,0,0,0,0
330,"Baahubali 2: The Conclusion,2017",8.2,13121,0,0,0,0,0,0,1,0,0,0,0,0,0,0,0,0,0,0
331,"Veerappan,2016",5.3,15043,0,0,0,0,0,1,0,0,0,0,0,0,0,0,0,0,0,0
332,"The Legend of Michael Mishra,2016",4.5,391,0,0,0,0,0,0,1,0,0,0,0,0,0,0,0,0,0,0
333,"Teraa Surroor,2016",2.6,138,0,0,0,0,0,0,0,0,0,0,0,0,0,1,0,0,0,0
334,"Traffic,I",6.7,12053,0,0,0,0,0,0,0,0,0,0,0,0,0,0,0,0,1,0
335,"Shorgul,2016",5.8,1534,0,0,0,0,0,0,1,0,0,0,0,0,0,0,0,0,0,0
336,"Commando 2,2017",5.2,4275,0,0,0,0,0,0,0,0,0,0,0,0,0,0,0,0,1,0
337,"Hasee Toh Phasee,2014",6.8,3672,0,0,0,0,0,0,0,0,0,0,0,0,0,1,0,0,0,0
338,"Bangalore Days,2014",8.3,21989,0,0,0,0,0,0,0,0,0,0,0,0,0,1,0,0,0,0
339,"Moh Maya Money,2016",5.7,3531,0,0,0,0,0,0,0,0,0,0,0,0,0,0,0,0,1,0
340,"Shor Se Shuruaat,2016",6.7,217,0,0,0,0,0,0,1,0,0,0,0,0,0,0,0,0,0,0
341,"Raman Raghav 2.0,2016",7.4,200,0,0,0,0,0,0,0,0,0,0,0,0,0,0,0,0,1,0
342,"Guest iin London,2017",5.4,17992,0,0,0,0,1,0,0,0,0,0,0,0,0,0,0,0,0,0
343,"Commando,2013",6.1,2450,0,0,0,0,0,0,0,0,0,0,0,0,0,0,0,0,1,0
344,"Akira,I",5.9,3720,0,0,0,0,0,0,0,0,0,0,0,0,0,0,0,0,1,0
345,"Masaan,2015",8.1,3802,0,0,0,0,0,0,1,0,0,0,0,0,0,0,0,0,0,0
346,"OK Jaanu,2017",5.2,3708,0,0,0,0,0,0,0,0,0,0,0,0,0,1,0,0,0,0
347,"31st October,2015",5.9,279,0,0,0,0,0,0,0,0,0,1,0,0,0,0,0,0,0,0
348,"Sameer,2017",5.7,6032,0,0,0,0,0,0,1,0,0,0,0,0,0,0,0,0,0,0
349,"Jab Harry Met Sejal,2017",5.3,16699,0,0,0,0,0,0,0,0,0,0,0,0,0,1,0,0,0,0
350,"Lucknow Central,2017",6.2,17236,0,0,0,0,0,0,0,0,0,0,0,0,0,0,0,0,0,0
351,"Shaadi Ke Side Effects,2014",5.6,4964,0,0,0,0,0,0,0,0,0,0,0,0,0,1,0,0,0,0
352,"Raja Natwarlal,2014",6.1,2368,0,0,0,0,0,0,0,0,0,0,0,0,0,0,0,0,1,0
353,"Bewakoofiyaan,2014",5.5,32195,0,0,0,0,0,0,0,0,0,0,0,0,0,1,0,0,0,0
354,"Dekh Tamasha Dekh,2014",6.1,25728,0,0,0,0,1,0,0,0,0,0,0,0,0,0,0,0,0,0
355,"Finding Fanny,2014",5.8,20108,0,0,0,0,0,0,1,0,0,0,0,0,0,0,0,0,0,0
356,"Prem Ratan Dhan Payo,2015",4.5,2593,0,0,0,0,0,0,0,0,0,0,0,1,0,0,0,0,0,0
357,"Manjhi: The Mountain Man,2015",8,17375,0,0,0,0,0,0,1,0,0,0,0,0,0,0,0,0,0,0
358,"Nil Battey Sannata,2015",8.4,7753,0,0,0,0,0,0,0,1,0,0,0,0,0,0,0,0,0,0
359,"Chhello Divas,2015",8.3,4652,0,0,0,0,1,0,0,0,0,0,0,0,0,0,0,0,0,0
360,"M.S. Dhoni: The Untold Stor,2016",7.7,383,0,0,0,0,0,0,0,0,0,0,0,0,0,0,0,1,0,0
361,"Udta Punjab,2016",7.8,68,0,0,0,0,0,0,1,0,0,0,0,0,0,0,0,0,0,0
362,"Neerja,2016",7.7,8532,0,0,0,0,0,0,0,0,0,0,0,0,0,0,0,0,1,0
363,"Phobia,I",6.9,209,0,0,0,0,0,0,0,0,0,0,0,0,0,0,0,0,1,0
364,"Bareilly Ki Barfi,2017",7.5,17067,0,0,0,0,0,0,0,0,0,0,0,0,0,1,0,0,0,0
365,"Golmaal Again,2017",4.9,9456,0,0,0,0,0,0,0,0,1,0,0,0,0,0,0,0,0,0
366,"A Gentleman,2017",6.2,653,0,0,0,0,1,0,0,0,0,0,0,0,0,0,0,0,0,0
367,"Beiimaan Love,2016",2.9,129,0,0,0,0,0,0,0,0,0,0,0,0,0,0,0,0,1,0
368,"Missing on a Weekend,2016",4.4,222,0,0,0,0,0,0,0,0,0,0,0,0,0,0,0,0,1,0
369,"Blackmail,I",7.1,350,0,0,0,0,0,0,0,0,0,0,0,0,0,0,0,0,1,0
370,"Shab,2017",4.4,1061,0,0,0,0,0,0,0,0,0,0,0,0,0,1,0,0,0,0
371,"Toilet - Ek Prem Katha,2017",7.2,3303,0,0,0,0,0,0,1,0,0,0,0,0,0,0,0,0,0,0
372,"Shivaay,2016",6.2,9648,0,0,0,0,0,0,1,0,0,0,0,0,0,0,0,0,0,0
373,"Saat Uchakkey,2016",5.7,905,0,0,0,0,1,0,0,0,0,0,0,0,0,0,0,0,0,0
374,"Passport,2016",6.1,1347,0,0,0,0,0,0,1,0,0,0,0,0,0,0,0,0,0,0
375,"Sweetiee Weds NRI,2017",3.5,679,0,0,0,0,0,0,0,0,0,0,0,0,0,1,0,0,0,0
376,"Maatr,2017",4.5,7897,0,0,0,0,0,0,0,0,0,0,0,0,0,0,0,0,1,0
377,"Haseena Parkar,2017",4.2,6229,0,0,0,0,0,0,0,0,0,0,0,0,0,0,0,0,1,0
378,"Mubarakan,2017",5.5,9623,0,0,0,0,0,0,0,0,0,0,0,0,0,1,0,0,0,0
379,"Hichki,2018",7.5,582,0,0,0,0,0,0,1,0,0,0,0,0,0,0,0,0,0,0
380,"Monsoon Shootout,2013",6.5,45194,0,0,0,0,0,0,1,0,0,0,0,0,0,0,0,0,0,0
381,"Indu Sarkar,2017",6,1457,0,0,0,0,0,0,0,0,0,0,0,0,0,0,0,0,1,0
382,"Machine,II",2.7,3896,0,0,0,0,0,0,0,0,0,0,0,0,0,1,0,0,0,0
383,"Judwaa 2,2017",3.8,1736,0,0,0,0,1,0,0,0,0,0,0,0,0,0,0,0,0,0
384,"Qarib Qarib Singlle,2017",7.1,1687,0,0,0,0,0,0,0,0,0,0,0,0,0,1,0,0,0,0
385,"Ittefaq,2017",7.2,999,0,0,0,0,0,0,0,0,0,0,0,0,0,0,0,0,1,0
386,"Coffee with D,2017",4.4,13284,0,0,0,0,1,0,0,0,0,0,0,0,0,0,0,0,0,0
387,"Sanju,2018",7.8,2814,0,0,0,0,0,0,1,0,0,0,0,0,0,0,0,0,0,0
388,"The Xpose,2014",3.2,5302,0,0,0,0,0,0,0,0,0,0,0,0,0,0,0,0,1,0
389,"Yamla Pagla Deewana,2011",5.6,3805,0,0,0,0,0,0,1,0,0,0,0,0,0,0,0,0,0,0
390,"Yamla Pagla Deewana 2,2013",3.4,19891,0,0,0,0,1,0,0,0,0,0,0,0,0,0,0,0,0,0
391,"Behen Hogi Teri,2017",5.5,19486,0,0,0,0,1,0,0,0,0,0,0,0,0,0,0,0,0,0
392,"Angrezi Mein Kehte Hain,2018",6.8,5042,0,0,0,0,0,0,1,0,0,0,0,0,0,0,0,0,0,0
393,"Mulk,I",6.8,25665,0,0,0,0,0,0,1,0,0,0,0,0,0,0,0,0,0,0
394,"Simran,2017",5.2,9109,0,0,0,0,0,0,0,0,0,0,0,0,0,0,0,0,1,0
395,"7 Khoon Maaf,2011",6.1,6128,0,0,0,0,0,0,0,0,0,0,0,0,0,0,0,0,1,0
396,"Meri Pyaari Bindu,2017",5.9,10778,0,0,0,0,0,0,0,0,0,0,0,0,0,1,0,0,0,0
397,"Parmanu: The Story of Pokhran,2018",7.6,3540,0,0,0,0,0,0,0,0,0,1,0,0,0,0,0,0,0,0
398,"Padman,2018",7.9,3401,0,0,0,0,0,0,1,0,0,0,0,0,0,0,0,0,0,0
399,"Thank You,I",4.7,5772,0,0,0,0,1,0,0,0,0,0,0,0,0,0,0,0,0,0
400,"Stree,2018",7.6,14559,0,0,0,0,0,0,0,0,0,0,1,0,0,0,0,0,0,0
401,"Lust Stories,2018",0,23169,0,0,0,0,0,0,0,0,0,0,0,0,0,1,0,0,0,0
402,"Mukkabaaz,2017",0,1767,0,0,0,0,0,0,0,0,0,0,0,0,0,0,0,1,0,0
403,"Sairat,2016",8.3,343,0,0,0,0,0,0,0,0,0,0,0,0,0,1,0,0,0,0
404,"Rangoon,II",5.7,93,0,0,0,0,0,0,0,0,0,1,0,0,0,0,0,0,0,0
405,"Dhanak,2015",8,62917,0,0,0,0,0,0,1,0,0,0,0,0,0,0,0,0,0,0
406,"Satyameva Jayate,2018",5.7,8652,0,0,0,0,0,0,0,0,0,0,0,0,0,0,0,0,1,0
407,"Raid,2018",7.4,1798,0,0,0,0,0,0,1,0,0,0,0,0,0,0,0,0,0,0
408,"Raazi,2018",7.8,11773,0,0,0,0,0,0,0,0,0,0,0,0,0,0,0,0,1,0
409,"Sarkar 3,2017",4.9,22560,0,0,0,0,0,0,1,0,0,0,0,0,0,0,0,0,0,0
410,"Hope Aur Hum,2018",6.2,5232,0,0,0,0,0,0,0,1,0,0,0,0,0,0,0,0,0,0
411,"Chalo Jeete Hain,2018",7.5,8474,0,0,0,1,0,0,0,0,0,0,0,0,0,0,0,0,0,0
412,"Andhadhun,2018",8.3,2004,0,0,0,0,0,0,0,0,0,0,0,0,0,0,0,0,1,0
413,"Dhadak,2018",4.6,117,0,0,0,0,0,0,0,0,0,0,0,0,0,1,0,0,0,0
414,"Fanney Khan,2018",4.5,28086,0,0,0,0,0,0,0,0,0,0,0,0,0,0,0,0,0,0
415,"Karwaan,2018",7.5,19902,0,0,0,0,0,0,1,0,0,0,0,0,0,0,0,0,0,0
416,"Tumbbad,2018",8.3,5920,0,0,0,0,0,0,0,0,0,0,1,0,0,0,0,0,0,0
417,"Pari,I",6.6,9542,0,0,0,0,0,0,0,0,0,0,0,0,1,0,0,0,0,0
418,"Ladies vs. Ricky Bahl,2011",5.9,3390,0,0,0,0,0,0,0,0,0,0,0,0,0,1,0,0,0,0
419,"Chef,2017",5.7,19417,0,0,0,0,0,0,0,1,0,0,0,0,0,0,0,0,0,0
420,"Teri Bhabhi Hai Pagle,2018",3.2,5510,0,0,0,0,1,0,0,0,0,0,0,0,0,0,0,0,0,0
421,"Gully Boy,2019",8.1,24308,0,0,0,0,0,0,0,0,0,0,0,0,0,0,0,0,0,0
422,"Badla,2019",7.9,20009,0,0,0,0,0,0,0,0,0,0,0,0,1,0,0,0,0,0
423,"Lipstick Under My Burkha,2016",6.8,4130,0,0,0,0,0,0,1,0,0,0,0,0,0,0,0,0,0,0
424,"Trapped,XVII",7.5,20066,0,0,0,0,0,0,0,0,0,0,0,0,0,0,0,0,1,0
425,"Manto,2018",7.4,4327,0,0,0,0,0,0,1,0,0,0,0,0,0,0,0,0,0,0
426,"Arjun Reddy,2017",8.1,22514,0,0,0,0,0,0,0,0,0,0,0,0,0,1,0,0,0,0
427,"Mard Ko Dard Nahin Hota,2018",7.3,3790,0,0,0,0,1,0,0,0,0,0,0,0,0,0,0,0,0,0
428,"Kabir Singh,2019",7.1,5252,0,0,0,0,0,0,0,0,0,0,0,0,0,1,0,0,0,0
429,"Article 15,2019",8.2,6593,0,0,0,0,0,0,0,0,0,0,0,0,1,0,0,0,0,0
430,"Baadshaho,2017",4.9,6898,0,0,0,0,0,0,0,0,0,0,0,0,0,0,0,0,1,0
431,"2.0,2018",6.3,4578,0,0,0,0,0,0,0,0,0,0,0,0,0,0,0,0,0,0
432,"Baazaar,2018",6.6,8189,0,0,0,0,0,0,0,0,0,0,0,0,0,0,0,0,1,0
433,"Zero,III",5.5,5251,0,0,0,0,0,0,0,0,0,0,0,0,0,1,0,0,0,0
434,"Aiyaary,2018",5.3,2020,0,0,0,0,0,0,0,0,0,0,0,0,0,0,0,0,1,0
435,"Naam Shabana,2017",6.3,2664,0,0,0,0,0,0,0,0,0,0,0,0,0,0,0,0,1,0
436,"Sui Dhaaga: Made in India,2018",6.8,7636,0,0,0,0,0,0,1,0,0,0,0,0,0,0,0,0,0,0
437,"Baaghi,2016",5.2,621,0,0,0,0,0,0,0,0,0,0,0,0,0,0,0,0,1,0
438,"Judgementall Hai Kya,2019",6,994,0,0,0,0,0,0,0,0,0,0,0,0,1,0,0,0,0,0
439,"Mom,I",7.3,1041,0,0,0,0,0,0,0,0,0,0,0,0,0,0,0,0,1,0
440,"Daawat-e-Ishq,2014",6.1,9537,0,0,0,0,0,0,0,0,0,0,0,0,0,1,0,0,0,0
441,"Mitron,2018",6.9,4750,0,0,0,0,1,0,0,0,0,0,0,0,0,0,0,0,0,0
442,"Thackeray,2019",5.2,12241,0,0,0,0,0,0,1,0,0,0,0,0,0,0,0,0,0,0
443,"Luka Chuppi,I",6.3,3071,0,0,0,0,0,0,0,0,0,0,0,0,0,1,0,0,0,0
444,"Bhindi Baazaar,2011",6.2,12580,0,0,0,0,0,0,0,0,0,0,0,0,0,0,0,0,1,0
445,"Khandaani Shafakhana,2019",4.1,549,0,0,0,0,0,0,1,0,0,0,0,0,0,0,0,0,0,0
446,"Wajah Tum Ho,2016",4.4,4940,0,0,0,0,0,0,0,0,0,0,0,0,0,1,0,0,0,0
447,"Section 375,2019",8.1,1662,0,0,0,0,0,0,0,0,0,0,0,0,1,0,0,0,0,0
448,"Kahaani 2,2016",6.6,4855,0,0,0,0,0,0,0,0,0,0,0,0,0,0,0,0,1,0
449,"Good Newwz,2019",7,3375,0,0,0,0,0,0,1,0,0,0,0,0,0,0,0,0,0,0
450,"Made in China,II",6.2,11125,0,0,0,0,0,0,1,0,0,0,0,0,0,0,0,0,0,0
451,"Madaari,2016",7.6,2809,0,0,0,0,0,0,0,0,0,0,0,0,0,0,0,0,1,0
452,"Hostel,2011",5.2,8525,0,0,0,0,0,0,1,0,0,0,0,0,0,0,0,0,0,0
453,"Pati Patni Aur Woh,2019",5.8,869,0,0,0,0,0,0,0,0,0,0,0,0,0,1,0,0,0,0
454,"The Zoya Factor,2019",4.3,6175,0,0,0,0,0,0,0,0,0,0,0,0,0,1,0,0,0,0
455,"Do Dooni Chaar,2010",7.6,4431,0,0,0,0,0,0,1,0,0,0,0,0,0,0,0,0,0,0
456,"Miss Khiladi-The Perfect Player,2016",0,23511,0,0,0,0,0,1,0,0,0,0,0,0,0,0,0,0,0,0
457,"Haraamkhor,2015",6.4,41122,0,0,0,0,0,0,0,0,0,0,0,0,0,1,0,0,0,0
458,"Veere Di Wedding,2018",3.2,5863,0,0,0,0,1,0,0,0,0,0,0,0,0,0,0,0,0,0
459,"Kaamyaab,2018",8,456,0,0,0,0,0,0,1,0,0,0,0,0,0,0,0,0,0,0
460,"Batla House,2019",7.2,8795,0,0,0,0,0,0,0,0,0,0,0,0,0,0,0,0,1,0
461,"Garbage,I",3.4,1256,0,0,0,0,0,0,0,0,0,0,0,0,0,0,0,0,1,0
462,"102 Not Out,2018",7.4,8956,0,0,0,0,0,0,1,0,0,0,0,0,0,0,0,0,0,0
463,"Fukrey Returns,2017",6.5,126,0,0,0,0,1,0,0,0,0,0,0,0,0,0,0,0,0,0
464,"Kaabil,2017",7.1,4578,0,0,0,0,0,0,0,0,0,0,0,0,0,0,0,0,1,0
465,"Udaan,2010",8.2,3256,0,0,0,0,0,0,1,0,0,0,0,0,0,0,0,0,0,0
466,"Bhavesh Joshi Superhero,2018",7.6,9863,0,0,0,0,0,0,1,0,0,0,0,0,0,0,0,0,0,0
